"County","Searches","Impressions","Clicks","Leads","Calls","CTR","Cost","Avg CPC","Avg Bid","Avg Pos","Win Rate","Bound","Bound CVR","Bound CPA","Bound Rev","Contacted","Contacted CVR","Contacted CPA","Contacted Rev","Quote","Quote CVR","Quote CPA","Quote Rev"
"FULTON","298","26 (8.72%)","8","7","0","30.76%","$62.84","$7.85","$9.12","4.47","2.68%","0","0%","$0.00","$0.00","0","0%","$0.00","$0.00","0","0%","$0.00","$0.00"
"DEKALB","287","26 (9.06%)","3","2","0","11.53%","$22.79","$7.59","$9.00","4.59","1.04%","0","0%","$0.00","$0.00","0","0%","$0.00","$0.00","0","0%","$0.00","$0.00"
"GWINNETT","259","17 (6.56%)","3","1","0","17.64%","$26.05","$8.68","$8.99","4.67","1.15%","0","0%","$0.00","$0.00","0","0%","$0.00","$0.00","0","0%","$0.00","$0.00"
"NEWTON","97","14 (14.43%)","2","2","0","14.28%","$15.63","$7.81","$9.05","4.67","2.06%","0","0%","$0.00","$0.00","0","0%","$0.00","$0.00","0","0%","$0.00","$0.00"
"CHATHAM","158","14 (8.86%)","1","0","0","7.14%","$6.51","$6.51","$9.10","3.88","0.63%","0","0%","$0.00","$0.00","0","0%","$0.00","$0.00","0","0%","$0.00","$0.00"
"RICHMOND","140","13 (9.29%)","4","4","0","30.76%","$32.56","$8.14","$8.75","4.84","2.85%","0","0%","$0.00","$0.00","0","0%","$0.00","$0.00","0","0%","$0.00","$0.00"
"HENRY","155","13 (8.39%)","3","0","0","23.07%","$22.79","$7.59","$8.98","4.58","1.93%","0","0%","$0.00","$0.00","0","0%","$0.00","$0.00","0","0%","$0.00","$0.00"
"LIBERTY","47","11 (23.40%)","4","2","0","36.36%","$30.93","$7.73","$8.91","4.21","8.51%","0","0%","$0.00","$0.00","0","0%","$0.00","$0.00","0","0%","$0.00","$0.00"
"CARROLL","60","9 (15.00%)","2","1","0","22.22%","$16.28","$8.14","$8.96","3.65","3.33%","0","0%","$0.00","$0.00","0","0%","$0.00","$0.00","0","0%","$0.00","$0.00"
"WALKER","63","9 (14.29%)","3","3","1","33.33%","$25.40","$8.46","$8.74","4.87","4.76%","0","0%","$0.00","$0.00","0","0%","$0.00","$0.00","0","0%","$0.00","$0.00"
"CLAYTON","185","9 (4.86%)","1","1","0","11.11%","$6.51","$6.51","$9.17","4.57","0.54%","0","0%","$0.00","$0.00","0","0%","$0.00","$0.00","0","0%","$0.00","$0.00"
"MUSCOGEE","120","8 (6.67%)","1","1","0","12.5%","$6.51","$6.51","$8.80","4.71","0.83%","0","0%","$0.00","$0.00","0","0%","$0.00","$0.00","0","0%","$0.00","$0.00"
"WALTON","52","8 (15.38%)","1","1","0","12.5%","$7.49","$7.49","$8.76","4.69","1.92%","0","0%","$0.00","$0.00","0","0%","$0.00","$0.00","0","0%","$0.00","$0.00"
"COBB","165","7 (4.24%)","1","1","0","14.28%","$6.51","$6.51","$9.08","4.52","0.6%","0","0%","$0.00","$0.00","0","0%","$0.00","$0.00","0","0%","$0.00","$0.00"
"HOUSTON","76","7 (9.21%)","1","0","0","14.28%","$6.51","$6.51","$8.94","4.67","1.31%","0","0%","$0.00","$0.00","0","0%","$0.00","$0.00","0","0%","$0.00","$0.00"
"BIBB","98","7 (7.14%)","0","0","0","0%","$0.00","$0.00","$8.83","4.67","0%","0","0%","$0.00","$0.00","0","0%","$0.00","$0.00","0","0%","$0.00","$0.00"
"HALL","81","7 (8.64%)","2","2","1","28.57%","$16.28","$8.14","$8.96","3.96","2.46%","0","0%","$0.00","$0.00","0","0%","$0.00","$0.00","0","0%","$0.00","$0.00"
"MADISON","24","6 (25.00%)","0","0","0","0%","$0.00","$0.00","$8.80","3.70","0%","0","0%","$0.00","$0.00","0","0%","$0.00","$0.00","0","0%","$0.00","$0.00"
"CHEROKEE","92","6 (6.52%)","1","1","0","16.66%","$6.51","$6.51","$8.90","4.52","1.08%","0","0%","$0.00","$0.00","0","0%","$0.00","$0.00","0","0%","$0.00","$0.00"
"WHITFIELD","34","6 (17.65%)","2","1","1","33.33%","$13.02","$6.51","$8.62","3.94","5.88%","0","0%","$0.00","$0.00","1","50%","$13.02","$0.00","0","0%","$0.00","$0.00"
"COLUMBIA","59","6 (10.17%)","1","1","1","16.66%","$9.77","$9.77","$8.74","4.79","1.69%","0","0%","$0.00","$0.00","1","100%","$9.77","$0.00","1","100%","$9.77","$0.00"
"THOMAS","35","5 (14.29%)","1","0","0","20%","$9.77","$9.77","$9.29","3.25","2.85%","0","0%","$0.00","$0.00","0","0%","$0.00","$0.00","0","0%","$0.00","$0.00"
"FORSYTH","43","5 (11.63%)","2","2","0","40%","$19.54","$9.77","$9.22","4.16","4.65%","0","0%","$0.00","$0.00","0","0%","$0.00","$0.00","0","0%","$0.00","$0.00"
"TROUP","54","5 (9.26%)","0","0","0","0%","$0.00","$0.00","$8.71","4.09","0%","0","0%","$0.00","$0.00","0","0%","$0.00","$0.00","0","0%","$0.00","$0.00"
"COWETA","60","5 (8.33%)","1","1","0","20%","$6.51","$6.51","$8.60","4.68","1.66%","0","0%","$0.00","$0.00","0","0%","$0.00","$0.00","0","0%","$0.00","$0.00"
"DOUGLAS","97","5 (5.15%)","0","0","0","0%","$0.00","$0.00","$8.97","4.97","0%","0","0%","$0.00","$0.00","0","0%","$0.00","$0.00","0","0%","$0.00","$0.00"
"BULLOCH","26","5 (19.23%)","1","1","0","20%","$6.51","$6.51","$8.89","4.26","3.84%","0","0%","$0.00","$0.00","0","0%","$0.00","$0.00","0","0%","$0.00","$0.00"
"PAULDING","35","5 (14.29%)","1","1","0","20%","$6.51","$6.51","$8.68","4.91","2.85%","0","0%","$0.00","$0.00","0","0%","$0.00","$0.00","0","0%","$0.00","$0.00"
"ROCKDALE","73","4 (5.48%)","2","1","0","50%","$13.02","$6.51","$8.92","4.80","2.73%","0","0%","$0.00","$0.00","0","0%","$0.00","$0.00","0","0%","$0.00","$0.00"
"LOWNDES","85","4 (4.71%)","3","2","0","75%","$20.51","$6.83","$8.99","4.21","3.52%","0","0%","$0.00","$0.00","0","0%","$0.00","$0.00","0","0%","$0.00","$0.00"
"FLOYD","37","4 (10.81%)","2","1","0","50%","$14.65","$7.32","$8.73","4.08","5.4%","0","0%","$0.00","$0.00","0","0%","$0.00","$0.00","0","0%","$0.00","$0.00"
"CLARKE","40","4 (10.00%)","0","0","0","0%","$0.00","$0.00","$9.23","4.35","0%","0","0%","$0.00","$0.00","0","0%","$0.00","$0.00","0","0%","$0.00","$0.00"
"DECATUR","27","4 (14.81%)","1","1","0","25%","$9.77","$9.77","$9.29","3.70","3.7%","0","0%","$0.00","$0.00","0","0%","$0.00","$0.00","0","0%","$0.00","$0.00"
"FAYETTE","44","4 (9.09%)","1","1","0","25%","$6.51","$6.51","$8.66","5.02","2.27%","0","0%","$0.00","$0.00","0","0%","$0.00","$0.00","0","0%","$0.00","$0.00"
"TOWNS","25","4 (16.00%)","1","1","0","25%","$9.77","$9.77","$8.97","3.64","4%","0","0%","$0.00","$0.00","0","0%","$0.00","$0.00","0","0%","$0.00","$0.00"
"CAMDEN","24","4 (16.67%)","2","2","0","50%","$19.54","$9.77","$8.57","4.41","8.33%","0","0%","$0.00","$0.00","0","0%","$0.00","$0.00","0","0%","$0.00","$0.00"
"MURRAY","26","4 (15.38%)","1","0","0","25%","$6.51","$6.51","$8.71","4.57","3.84%","0","0%","$0.00","$0.00","0","0%","$0.00","$0.00","0","0%","$0.00","$0.00"
"BALDWIN","14","3 (21.43%)","0","0","0","0%","$0.00","$0.00","$8.51","3.00","0%","0","0%","$0.00","$0.00","0","0%","$0.00","$0.00","0","0%","$0.00","$0.00"
"COFFEE","28","3 (10.71%)","1","0","1","33.33%","$6.51","$6.51","$9.08","3.96","3.57%","0","0%","$0.00","$0.00","0","0%","$0.00","$0.00","0","0%","$0.00","$0.00"
"DOUGHERTY","62","3 (4.84%)","0","0","0","0%","$0.00","$0.00","$8.81","4.62","0%","0","0%","$0.00","$0.00","0","0%","$0.00","$0.00","0","0%","$0.00","$0.00"
"TATTNALL","10","3 (30.00%)","1","1","1","33.33%","$9.77","$9.77","$8.79","2.30","10%","0","0%","$0.00","$0.00","1","100%","$9.77","$0.00","1","100%","$9.77","$0.00"
"HART","19","3 (15.79%)","0","0","0","0%","$0.00","$0.00","$8.26","4.84","0%","0","0%","$0.00","$0.00","0","0%","$0.00","$0.00","0","0%","$0.00","$0.00"
"BUTTS","15","3 (20.00%)","1","0","0","33.33%","$8.14","$8.14","$9.11","3.13","6.66%","0","0%","$0.00","$0.00","0","0%","$0.00","$0.00","0","0%","$0.00","$0.00"
"FANNIN","35","3 (8.57%)","0","0","0","0%","$0.00","$0.00","$8.81","3.85","0%","0","0%","$0.00","$0.00","0","0%","$0.00","$0.00","0","0%","$0.00","$0.00"
"LEE","18","3 (16.67%)","1","1","0","33.33%","$8.14","$8.14","$8.84","3.94","5.55%","0","0%","$0.00","$0.00","0","0%","$0.00","$0.00","0","0%","$0.00","$0.00"
"UNION","14","3 (21.43%)","0","0","0","0%","$0.00","$0.00","$8.65","4.35","0%","0","0%","$0.00","$0.00","0","0%","$0.00","$0.00","0","0%","$0.00","$0.00"
"SUMTER","20","3 (15.00%)","0","0","0","0%","$0.00","$0.00","$8.51","4.15","0%","0","0%","$0.00","$0.00","0","0%","$0.00","$0.00","0","0%","$0.00","$0.00"
"BERRIEN","16","3 (18.75%)","0","0","0","0%","$0.00","$0.00","$8.67","4.06","0%","0","0%","$0.00","$0.00","0","0%","$0.00","$0.00","0","0%","$0.00","$0.00"
"PUTNAM","6","3 (50.00%)","0","0","0","0%","$0.00","$0.00","$8.14","3.16","0%","0","0%","$0.00","$0.00","0","0%","$0.00","$0.00","0","0%","$0.00","$0.00"
"PIERCE","25","3 (12.00%)","1","1","0","33.33%","$6.51","$6.51","$8.98","3.44","4%","0","0%","$0.00","$0.00","0","0%","$0.00","$0.00","0","0%","$0.00","$0.00"
"BARTOW","26","3 (11.54%)","0","0","0","0%","$0.00","$0.00","$8.62","4.50","0%","0","0%","$0.00","$0.00","0","0%","$0.00","$0.00","0","0%","$0.00","$0.00"
"GLYNN","47","3 (6.38%)","1","1","0","33.33%","$9.77","$9.77","$9.06","4.00","2.12%","0","0%","$0.00","$0.00","0","0%","$0.00","$0.00","0","0%","$0.00","$0.00"
"MITCHELL","13","3 (23.08%)","0","0","0","0%","$0.00","$0.00","$8.84","3.69","0%","0","0%","$0.00","$0.00","0","0%","$0.00","$0.00","0","0%","$0.00","$0.00"
"WILKINSON","14","3 (21.43%)","2","2","0","66.66%","$14.65","$7.32","$8.28","3.42","14.28%","0","0%","$0.00","$0.00","0","0%","$0.00","$0.00","0","0%","$0.00","$0.00"
"APPLING","6","2 (33.33%)","0","0","0","0%","$0.00","$0.00","$9.22","1.33","0%","0","0%","$0.00","$0.00","0","0%","$0.00","$0.00","0","0%","$0.00","$0.00"
"BRANTLEY","12","2 (16.67%)","0","0","0","0%","$0.00","$0.00","$8.65","3.16","0%","0","0%","$0.00","$0.00","0","0%","$0.00","$0.00","0","0%","$0.00","$0.00"
"HARALSON","18","2 (11.11%)","1","1","0","50%","$9.77","$9.77","$8.91","4.16","5.55%","0","0%","$0.00","$0.00","0","0%","$0.00","$0.00","0","0%","$0.00","$0.00"
"LAURENS","23","2 (8.70%)","0","0","0","0%","$0.00","$0.00","$9.04","4.43","0%","0","0%","$0.00","$0.00","0","0%","$0.00","$0.00","0","0%","$0.00","$0.00"
"WARE","24","2 (8.33%)","2","1","0","100%","$19.54","$9.77","$9.07","4.29","8.33%","0","0%","$0.00","$0.00","0","0%","$0.00","$0.00","0","0%","$0.00","$0.00"
"ATKINSON","4","2 (50.00%)","2","2","0","100%","$14.98","$7.49","$7.24","3.50","50%","0","0%","$0.00","$0.00","0","0%","$0.00","$0.00","0","0%","$0.00","$0.00"
"PEACH","27","2 (7.41%)","1","1","0","50%","$9.77","$9.77","$8.81","4.33","3.7%","0","0%","$0.00","$0.00","0","0%","$0.00","$0.00","0","0%","$0.00","$0.00"
"DAWSON","10","2 (20.00%)","1","1","1","50%","$9.77","$9.77","$8.76","4.10","10%","0","0%","$0.00","$0.00","1","100%","$9.77","$0.00","0","0%","$0.00","$0.00"
"CRISP","16","2 (12.50%)","1","0","0","50%","$6.51","$6.51","$8.83","4.25","6.25%","0","0%","$0.00","$0.00","0","0%","$0.00","$0.00","0","0%","$0.00","$0.00"
"POLK","20","2 (10.00%)","1","1","1","50%","$6.51","$6.51","$8.40","4.45","5%","0","0%","$0.00","$0.00","0","0%","$0.00","$0.00","0","0%","$0.00","$0.00"
"JACKSON","25","2 (8.00%)","0","0","0","0%","$0.00","$0.00","$8.93","5.36","0%","0","0%","$0.00","$0.00","0","0%","$0.00","$0.00","0","0%","$0.00","$0.00"
"WORTH","11","2 (18.18%)","2","2","0","100%","$19.54","$9.77","$9.47","3.72","18.18%","0","0%","$0.00","$0.00","0","0%","$0.00","$0.00","0","0%","$0.00","$0.00"
"GRADY","8","2 (25.00%)","0","0","0","0%","$0.00","$0.00","$8.26","3.12","0%","0","0%","$0.00","$0.00","0","0%","$0.00","$0.00","0","0%","$0.00","$0.00"
"COLQUITT","19","2 (10.53%)","1","1","0","50%","$7.49","$7.49","$8.96","4.94","5.26%","0","0%","$0.00","$0.00","0","0%","$0.00","$0.00","0","0%","$0.00","$0.00"
"EFFINGHAM","24","2 (8.33%)","0","0","0","0%","$0.00","$0.00","$8.86","4.08","0%","0","0%","$0.00","$0.00","0","0%","$0.00","$0.00","0","0%","$0.00","$0.00"
"CATOOSA","16","2 (12.50%)","1","0","0","50%","$9.77","$9.77","$9.13","4.56","6.25%","0","0%","$0.00","$0.00","0","0%","$0.00","$0.00","0","0%","$0.00","$0.00"
"FRANKLIN","17","2 (11.76%)","0","0","0","0%","$0.00","$0.00","$9.54","4.17","0%","0","0%","$0.00","$0.00","0","0%","$0.00","$0.00","0","0%","$0.00","$0.00"
"WASHINGTON","15","2 (13.33%)","1","1","0","50%","$8.14","$8.14","$8.92","3.73","6.66%","0","0%","$0.00","$0.00","0","0%","$0.00","$0.00","0","0%","$0.00","$0.00"
"BURKE","16","2 (12.50%)","1","0","0","50%","$6.51","$6.51","$8.50","4.50","6.25%","0","0%","$0.00","$0.00","0","0%","$0.00","$0.00","0","0%","$0.00","$0.00"
"WHITE","13","2 (15.38%)","2","1","0","100%","$19.54","$9.77","$9.09","3.92","15.38%","0","0%","$0.00","$0.00","0","0%","$0.00","$0.00","0","0%","$0.00","$0.00"
"EVANS","6","2 (33.33%)","1","0","0","50%","$7.49","$7.49","$8.57","4.00","16.66%","0","0%","$0.00","$0.00","0","0%","$0.00","$0.00","0","0%","$0.00","$0.00"
"PIKE","17","2 (11.76%)","0","0","0","0%","$0.00","$0.00","$8.29","3.64","0%","0","0%","$0.00","$0.00","0","0%","$0.00","$0.00","0","0%","$0.00","$0.00"
"TWIGGS","5","1 (20.00%)","0","0","0","0%","$0.00","$0.00","$9.77","2.40","0%","0","0%","$0.00","$0.00","0","0%","$0.00","$0.00","0","0%","$0.00","$0.00"
"QUITMAN","5","1 (20.00%)","0","0","0","0%","$0.00","$0.00","$9.44","2.60","0%","0","0%","$0.00","$0.00","0","0%","$0.00","$0.00","0","0%","$0.00","$0.00"
"LUMPKIN","14","1 (7.14%)","1","0","0","100%","$6.51","$6.51","$8.90","5.71","7.14%","0","0%","$0.00","$0.00","0","0%","$0.00","$0.00","0","0%","$0.00","$0.00"
"WAYNE","12","1 (8.33%)","0","0","0","0%","$0.00","$0.00","$9.49","3.41","0%","0","0%","$0.00","$0.00","0","0%","$0.00","$0.00","0","0%","$0.00","$0.00"
"MACON","1","1 (100.00%)","0","0","0","0%","$0.00","$0.00","$6.51","4.00","0%","0","0%","$0.00","$0.00","0","0%","$0.00","$0.00","0","0%","$0.00","$0.00"
"JEFF DAVIS","7","1 (14.29%)","0","0","0","0%","$0.00","$0.00","$8.97","4.57","0%","0","0%","$0.00","$0.00","0","0%","$0.00","$0.00","0","0%","$0.00","$0.00"
"OGLETHORPE","8","1 (12.50%)","0","0","0","0%","$0.00","$0.00","$8.79","5.50","0%","0","0%","$0.00","$0.00","0","0%","$0.00","$0.00","0","0%","$0.00","$0.00"
"SPALDING","30","1 (3.33%)","0","0","0","0%","$0.00","$0.00","$8.77","4.73","0%","0","0%","$0.00","$0.00","0","0%","$0.00","$0.00","0","0%","$0.00","$0.00"
"CHATTOOGA","22","1 (4.55%)","1","1","0","100%","$6.51","$6.51","$8.57","5.13","4.54%","0","0%","$0.00","$0.00","0","0%","$0.00","$0.00","0","0%","$0.00","$0.00"
"TIFT","15","1 (6.67%)","0","0","0","0%","$0.00","$0.00","$8.96","3.40","0%","0","0%","$0.00","$0.00","0","0%","$0.00","$0.00","0","0%","$0.00","$0.00"
"MCINTOSH","10","1 (10.00%)","0","0","0","0%","$0.00","$0.00","$9.05","2.70","0%","0","0%","$0.00","$0.00","0","0%","$0.00","$0.00","0","0%","$0.00","$0.00"
"GORDON","29","1 (3.45%)","1","1","0","100%","$6.51","$6.51","$8.99","5.13","3.44%","0","0%","$0.00","$0.00","0","0%","$0.00","$0.00","0","0%","$0.00","$0.00"
"MERIWETHER","13","1 (7.69%)","0","0","0","0%","$0.00","$0.00","$9.41","4.15","0%","0","0%","$0.00","$0.00","0","0%","$0.00","$0.00","0","0%","$0.00","$0.00"
"HANCOCK","2","1 (50.00%)","1","1","0","100%","$9.77","$9.77","$9.77","1.50","50%","0","0%","$0.00","$0.00","0","0%","$0.00","$0.00","0","0%","$0.00","$0.00"
"LAMAR","8","1 (12.50%)","0","0","0","0%","$0.00","$0.00","$9.07","3.37","0%","0","0%","$0.00","$0.00","0","0%","$0.00","$0.00","0","0%","$0.00","$0.00"
"CLINCH","9","1 (11.11%)","0","0","0","0%","$0.00","$0.00","$9.04","4.22","0%","0","0%","$0.00","$0.00","0","0%","$0.00","$0.00","0","0%","$0.00","$0.00"
"DADE","10","1 (10.00%)","0","0","0","0%","$0.00","$0.00","$8.49","4.40","0%","0","0%","$0.00","$0.00","0","0%","$0.00","$0.00","0","0%","$0.00","$0.00"
"SCREVEN","8","1 (12.50%)","1","1","0","100%","$9.77","$9.77","$8.99","3.12","12.5%","0","0%","$0.00","$0.00","0","0%","$0.00","$0.00","0","0%","$0.00","$0.00"
"JEFFERSON","12","1 (8.33%)","0","0","0","0%","$0.00","$0.00","$9.22","3.50","0%","0","0%","$0.00","$0.00","0","0%","$0.00","$0.00","0","0%","$0.00","$0.00"
"BARROW","28","1 (3.57%)","0","0","0","0%","$0.00","$0.00","$8.86","5.03","0%","0","0%","$0.00","$0.00","0","0%","$0.00","$0.00","0","0%","$0.00","$0.00"
"COOK","10","1 (10.00%)","1","1","0","100%","$6.51","$6.51","$8.56","4.00","10%","0","0%","$0.00","$0.00","0","0%","$0.00","$0.00","0","0%","$0.00","$0.00"
"IRWIN","8","1 (12.50%)","0","0","0","0%","$0.00","$0.00","$9.48","3.75","0%","0","0%","$0.00","$0.00","0","0%","$0.00","$0.00","0","0%","$0.00","$0.00"
"CHARLTON","7","1 (14.29%)","0","0","0","0%","$0.00","$0.00","$8.51","4.14","0%","0","0%","$0.00","$0.00","0","0%","$0.00","$0.00","0","0%","$0.00","$0.00"
"WILCOX","6","1 (16.67%)","0","0","0","0%","$0.00","$0.00","$8.46","4.33","0%","0","0%","$0.00","$0.00","0","0%","$0.00","$0.00","0","0%","$0.00","$0.00"
"BLECKLEY","7","1 (14.29%)","0","0","0","0%","$0.00","$0.00","$9.30","2.71","0%","0","0%","$0.00","$0.00","0","0%","$0.00","$0.00","0","0%","$0.00","$0.00"
"LINCOLN","5","1 (20.00%)","0","0","0","0%","$0.00","$0.00","$9.11","2.60","0%","0","0%","$0.00","$0.00","0","0%","$0.00","$0.00","0","0%","$0.00","$0.00"
"TALIAFERRO","5","0 (0.00%)","0","0","0","0%","$0.00","$0.00","$9.77","2.40","0%","0","0%","$0.00","$0.00","0","0%","$0.00","$0.00","0","0%","$0.00","$0.00"
"BEN HILL","18","0 (0.00%)","0","0","0","0%","$0.00","$0.00","$8.61","4.11","0%","0","0%","$0.00","$0.00","0","0%","$0.00","$0.00","0","0%","$0.00","$0.00"
"CANDLER","13","0 (0.00%)","0","0","0","0%","$0.00","$0.00","$9.09","3.23","0%","0","0%","$0.00","$0.00","0","0%","$0.00","$0.00","0","0%","$0.00","$0.00"
"LONG","5","0 (0.00%)","0","0","0","0%","$0.00","$0.00","$9.11","6.00","0%","0","0%","$0.00","$0.00","0","0%","$0.00","$0.00","0","0%","$0.00","$0.00"
"PULASKI","5","0 (0.00%)","0","0","0","0%","$0.00","$0.00","$9.11","4.20","0%","0","0%","$0.00","$0.00","0","0%","$0.00","$0.00","0","0%","$0.00","$0.00"
"TOOMBS","15","0 (0.00%)","0","0","0","0%","$0.00","$0.00","$9.40","3.93","0%","0","0%","$0.00","$0.00","0","0%","$0.00","$0.00","0","0%","$0.00","$0.00"
"TALBOT","10","0 (0.00%)","0","0","0","0%","$0.00","$0.00","$8.46","4.50","0%","0","0%","$0.00","$0.00","0","0%","$0.00","$0.00","0","0%","$0.00","$0.00"
"EMANUEL","9","0 (0.00%)","0","0","0","0%","$0.00","$0.00","$9.26","3.77","0%","0","0%","$0.00","$0.00","0","0%","$0.00","$0.00","0","0%","$0.00","$0.00"
"BROOKS","18","0 (0.00%)","0","0","0","0%","$0.00","$0.00","$8.84","4.05","0%","0","0%","$0.00","$0.00","0","0%","$0.00","$0.00","0","0%","$0.00","$0.00"
"JASPER","4","0 (0.00%)","0","0","0","0%","$0.00","$0.00","$8.63","2.75","0%","0","0%","$0.00","$0.00","0","0%","$0.00","$0.00","0","0%","$0.00","$0.00"
"RANDOLPH","6","0 (0.00%)","0","0","0","0%","$0.00","$0.00","$9.39","3.83","0%","0","0%","$0.00","$0.00","0","0%","$0.00","$0.00","0","0%","$0.00","$0.00"
"EARLY","6","0 (0.00%)","0","0","0","0%","$0.00","$0.00","$9.22","4.50","0%","0","0%","$0.00","$0.00","0","0%","$0.00","$0.00","0","0%","$0.00","$0.00"
"HEARD","4","0 (0.00%)","0","0","0","0%","$0.00","$0.00","$8.14","4.75","0%","0","0%","$0.00","$0.00","0","0%","$0.00","$0.00","0","0%","$0.00","$0.00"
"HABERSHAM","21","0 (0.00%)","0","0","0","0%","$0.00","$0.00","$8.87","5.23","0%","0","0%","$0.00","$0.00","0","0%","$0.00","$0.00","0","0%","$0.00","$0.00"
"BACON","6","0 (0.00%)","0","0","0","0%","$0.00","$0.00","$9.77","2.66","0%","0","0%","$0.00","$0.00","0","0%","$0.00","$0.00","0","0%","$0.00","$0.00"
"CHATTAHOOCHEE","3","0 (0.00%)","0","0","0","0%","$0.00","$0.00","$8.68","6.00","0%","0","0%","$0.00","$0.00","0","0%","$0.00","$0.00","0","0%","$0.00","$0.00"
"CALHOUN","2","0 (0.00%)","0","0","0","0%","$0.00","$0.00","$9.77","5.00","0%","0","0%","$0.00","$0.00","0","0%","$0.00","$0.00","0","0%","$0.00","$0.00"
"JONES","6","0 (0.00%)","0","0","0","0%","$0.00","$0.00","$8.46","5.16","0%","0","0%","$0.00","$0.00","0","0%","$0.00","$0.00","0","0%","$0.00","$0.00"
"TURNER","7","0 (0.00%)","0","0","0","0%","$0.00","$0.00","$8.60","2.42","0%","0","0%","$0.00","$0.00","0","0%","$0.00","$0.00","0","0%","$0.00","$0.00"
"MONROE","9","0 (0.00%)","0","0","0","0%","$0.00","$0.00","$9.40","3.88","0%","0","0%","$0.00","$0.00","0","0%","$0.00","$0.00","0","0%","$0.00","$0.00"
"DOOLY","4","0 (0.00%)","0","0","0","0%","$0.00","$0.00","$8.63","3.25","0%","0","0%","$0.00","$0.00","0","0%","$0.00","$0.00","0","0%","$0.00","$0.00"
"RABUN","2","0 (0.00%)","0","0","0","0%","$0.00","$0.00","$9.77","3.00","0%","0","0%","$0.00","$0.00","0","0%","$0.00","$0.00","0","0%","$0.00","$0.00"
"SEMINOLE","3","0 (0.00%)","0","0","0","0%","$0.00","$0.00","$8.68","4.66","0%","0","0%","$0.00","$0.00","0","0%","$0.00","$0.00","0","0%","$0.00","$0.00"
"ELBERT","10","0 (0.00%)","0","0","0","0%","$0.00","$0.00","$9.37","3.40","0%","0","0%","$0.00","$0.00","0","0%","$0.00","$0.00","0","0%","$0.00","$0.00"
"GLASCOCK","3","0 (0.00%)","0","0","0","0%","$0.00","$0.00","$8.68","5.00","0%","0","0%","$0.00","$0.00","0","0%","$0.00","$0.00","0","0%","$0.00","$0.00"
"TELFAIR","7","0 (0.00%)","0","0","0","0%","$0.00","$0.00","$8.51","5.14","0%","0","0%","$0.00","$0.00","0","0%","$0.00","$0.00","0","0%","$0.00","$0.00"
"JENKINS","5","0 (0.00%)","0","0","0","0%","$0.00","$0.00","$9.77","4.80","0%","0","0%","$0.00","$0.00","0","0%","$0.00","$0.00","0","0%","$0.00","$0.00"
"HARRIS","21","0 (0.00%)","0","0","0","0%","$0.00","$0.00","$9.24","4.04","0%","0","0%","$0.00","$0.00","0","0%","$0.00","$0.00","0","0%","$0.00","$0.00"
"CRAWFORD","1","0 (0.00%)","0","0","0","0%","$0.00","$0.00","$9.77","1.00","0%","0","0%","$0.00","$0.00","0","0%","$0.00","$0.00","0","0%","$0.00","$0.00"
"STEWART","3","0 (0.00%)","0","0","0","0%","$0.00","$0.00","$8.68","4.66","0%","0","0%","$0.00","$0.00","0","0%","$0.00","$0.00","0","0%","$0.00","$0.00"
"WILKES","2","0 (0.00%)","0","0","0","0%","$0.00","$0.00","$9.77","5.00","0%","0","0%","$0.00","$0.00","0","0%","$0.00","$0.00","0","0%","$0.00","$0.00"
"GREENE","10","0 (0.00%)","0","0","0","0%","$0.00","$0.00","$9.21","4.70","0%","0","0%","$0.00","$0.00","0","0%","$0.00","$0.00","0","0%","$0.00","$0.00"
"TERRELL","6","0 (0.00%)","0","0","0","0%","$0.00","$0.00","$9.22","4.83","0%","0","0%","$0.00","$0.00","0","0%","$0.00","$0.00","0","0%","$0.00","$0.00"
"MORGAN","7","0 (0.00%)","0","0","0","0%","$0.00","$0.00","$9.30","4.57","0%","0","0%","$0.00","$0.00","0","0%","$0.00","$0.00","0","0%","$0.00","$0.00"
"UPSON","17","0 (0.00%)","0","0","0","0%","$0.00","$0.00","$9.31","4.17","0%","0","0%","$0.00","$0.00","0","0%","$0.00","$0.00","0","0%","$0.00","$0.00"
"MONTGOMERY","3","0 (0.00%)","0","0","0","0%","$0.00","$0.00","$9.77","3.33","0%","0","0%","$0.00","$0.00","0","0%","$0.00","$0.00","0","0%","$0.00","$0.00"
"OCONEE","6","0 (0.00%)","0","0","0","0%","$0.00","$0.00","$9.77","2.66","0%","0","0%","$0.00","$0.00","0","0%","$0.00","$0.00","0","0%","$0.00","$0.00"
"MCDUFFIE","14","0 (0.00%)","0","0","0","0%","$0.00","$0.00","$9.18","3.71","0%","0","0%","$0.00","$0.00","0","0%","$0.00","$0.00","0","0%","$0.00","$0.00"
"GILMER","10","0 (0.00%)","0","0","0","0%","$0.00","$0.00","$8.89","5.20","0%","0","0%","$0.00","$0.00","0","0%","$0.00","$0.00","0","0%","$0.00","$0.00"
"TAYLOR","4","0 (0.00%)","0","0","0","0%","$0.00","$0.00","$8.79","4.00","0%","0","0%","$0.00","$0.00","0","0%","$0.00","$0.00","0","0%","$0.00","$0.00"
"DODGE","10","0 (0.00%)","0","0","0","0%","$0.00","$0.00","$9.21","4.00","0%","0","0%","$0.00","$0.00","0","0%","$0.00","$0.00","0","0%","$0.00","$0.00"
"WHEELER","3","0 (0.00%)","0","0","0","0%","$0.00","$0.00","$9.77","5.33","0%","0","0%","$0.00","$0.00","0","0%","$0.00","$0.00","0","0%","$0.00","$0.00"
"BRYAN","21","0 (0.00%)","0","0","0","0%","$0.00","$0.00","$9.19","4.09","0%","0","0%","$0.00","$0.00","0","0%","$0.00","$0.00","0","0%","$0.00","$0.00"
"WARREN","3","0 (0.00%)","0","0","0","0%","$0.00","$0.00","$9.77","2.66","0%","0","0%","$0.00","$0.00","0","0%","$0.00","$0.00","0","0%","$0.00","$0.00"
"STEPHENS","22","0 (0.00%)","0","0","0","0%","$0.00","$0.00","$8.74","4.09","0%","0","0%","$0.00","$0.00","0","0%","$0.00","$0.00","0","0%","$0.00","$0.00"
"BANKS","3","0 (0.00%)","0","0","0","0%","$0.00","$0.00","$8.68","7.00","0%","0","0%","$0.00","$0.00","0","0%","$0.00","$0.00","0","0%","$0.00","$0.00"
"LANIER","3","0 (0.00%)","0","0","0","0%","$0.00","$0.00","$8.68","5.33","0%","0","0%","$0.00","$0.00","0","0%","$0.00","$0.00","0","0%","$0.00","$0.00"
"MILLER","12","0 (0.00%)","0","0","0","0%","$0.00","$0.00","$9.36","4.00","0%","0","0%","$0.00","$0.00","0","0%","$0.00","$0.00","0","0%","$0.00","$0.00"
"JOHNSON","5","0 (0.00%)","0","0","0","0%","$0.00","$0.00","$9.11","5.20","0%","0","0%","$0.00","$0.00","0","0%","$0.00","$0.00","0","0%","$0.00","$0.00"
"TREUTLEN","2","0 (0.00%)","0","0","0","0%","$0.00","$0.00","$8.95","7.50","0%","0","0%","$0.00","$0.00","0","0%","$0.00","$0.00","0","0%","$0.00","$0.00"
"PICKENS","15","0 (0.00%)","0","0","0","0%","$0.00","$0.00","$9.61","4.46","0%","0","0%","$0.00","$0.00","0","0%","$0.00","$0.00","0","0%","$0.00","$0.00"
"MARION","1","0 (0.00%)","0","0","0","0%","$0.00","$0.00","$9.77","5.00","0%","0","0%","$0.00","$0.00","0","0%","$0.00","$0.00","0","0%","$0.00","$0.00"
"--","4,711","421 (8.94%)","95","68","8","22.56%","$754.41","$7.94","$8.95","4.38","2.01%","0","0%","$0.00","$0.00","4","4.211%","$188.60","$0.00","2","2.105%","$377.21","$0.00"